/*TABLE 1: PROVINCE*/
SELECT * FROM PROVINCE;

INSERT INTO PROVINCE VALUES(3, 'Western Cape');
INSERT INTO PROVINCE VALUES(4, 'North West');
INSERT INTO PROVINCE VALUES(5, 'Free State');
INSERT INTO PROVINCE VALUES(6, 'KwaZulu-Natal');
INSERT INTO PROVINCE VALUES(7, 'Northern Cape');
INSERT INTO PROVINCE VALUES(8, 'Eastern Cape');
INSERT INTO PROVINCE VALUES(9, 'Mpumalanga');



/*TABLE 2: CITY*/
SELECT * FROM CITY;

INSERT INTO CITY VALUES(1,1, 'Johannesburg', 'JNB');
INSERT INTO CITY VALUES(2,1, 'Johannesburg', 'HLA');
INSERT INTO CITY VALUES(3,2, 'Polokwane', 'PTG');
INSERT INTO CITY VALUES(4,3, 'Cape Town', 'CPT');
INSERT INTO CITY VALUES(5,3, 'George', 'GRJ');
INSERT INTO CITY VALUES(6,5, 'Bloemfontein', 'BFN');
INSERT INTO CITY VALUES(7,6, 'Durban', 'DUR');
INSERT INTO CITY VALUES(8,7, 'Upington', 'UTN');
INSERT INTO CITY VALUES(9,7, 'Kimberley', 'KIM');
INSERT INTO CITY VALUES(10,8, 'Gqeberha', 'PLZ');
INSERT INTO CITY VALUES(11,8, 'Mthatha', 'UTT');
INSERT INTO CITY VALUES(12,8, 'East London', 'ELS');
INSERT INTO CITY VALUES(13,9, 'Mbombela', 'MQP');

/*Table 3: STAFF*/
Select * FROM STAFF;

INSERT INTO STAFF VALUES(1,'Itumeleng','Maleka','0606065422085','0764690382','Pilot','3570 Makhutso Drive Zone 3 Diepkloof','Inactive');
INSERT INTO STAFF VALUES(2,'Tholoana','Mothibi','0501085667184','0789231932','Flight attendant','12 Jacaranda St Pretoria','Active');
INSERT INTO STAFF VALUES(3,'Mbali','Mlambo','9804035567123','0782451008','Human resources','45 Main Rd Johannesburg','Active');
INSERT INTO STAFF VALUES(4,'Thabo','Nkosi','8501015800081','0824393798','Co-pilot','8 Oak Ave Bloemfontein','Active');
INSERT INTO STAFF VALUES(5,'Zanele','Dlamini','9203220045082','0738941240','Pilot','23 Beach Rd Durban','Inactive');
INSERT INTO STAFF VALUES(6,'Pieter','Van Der Merwe','7806154700083','0731234567','Flight Engineer','67 Protea St Soweto','Active');
INSERT INTO STAFF VALUES(7,'Nomsa','Zulu','9507180023084','0829876543','Senior flight attendant','3 Vineyard Rd Cape Town','Active');
INSERT INTO STAFF VALUES(8,'Sipho','MMhlangu','8812095600085','0748762134','Check-in agent','19 Hlubi St Pietermaritzburg','Active');
INSERT INTO STAFF VALUES(9,'Annika','Botha','9104225400086','0771561109','Gate agent','56 Gandhi Rd Lenasia','Active');
INSERT INTO STAFF VALUES(10,'Lungelo','Ntuli','8705016200087','0663331616','Aircraft maintainance engineer','34 Impala Rd Centurion','Inactive');
INSERT INTO STAFF VALUES(11,'Fatima','Patel','9309230180088','0761527001','Co-Pilot','78 Zulu St,Richards Bay','Active');
INSERT INTO STAFF VALUES(12,'Riaan','Joubert','8003154900089','0852689432','Pilot','88 Rooibos Ave George','Active');
INSERT INTO STAFF VALUES(13,'Luyanda','Mbatha','9775018287787','0663331616','Flight attendant','34 Impala Rd Centurion','Inactive');
INSERT INTO STAFF VALUES(14,'Thandeka','Mlambo','9309230181458','0761527001','Senior flight attendant','78 Zulu St,Richards Bay','Active');
INSERT INTO STAFF VALUES(15,'Sandile','Mudau','8003157904529','0852689432','Flight attendant','88 Rooibos Ave George','Active');

Select * FROM STAFF;

UPDATE STAFF SET Occupation = 'Pilot'
WHERE Staff_ID = 1;
UPDATE STAFF SET Occupation = 'Flight Attendant'
WHERE Staff_ID = 2;
UPDATE STAFF SET Occupation = 'Human Resources'
WHERE Staff_ID = 3;
UPDATE STAFF SET Occupation = 'Co-Pilot'
WHERE Staff_ID = 4;
UPDATE STAFF SET Occupation = 'Pilot'
WHERE Staff_ID = 5;
UPDATE STAFF SET Occupation = 'Flight Engineer'
WHERE Staff_ID = 6;
UPDATE STAFF SET Occupation = 'Senior Flight Attendant'
WHERE Staff_ID = 7;
UPDATE STAFF SET Occupation = 'Check-in Agent'
WHERE Staff_ID = 8;
UPDATE STAFF SET Occupation = 'Gate Agent'
WHERE Staff_ID = 9;
UPDATE STAFF SET Occupation = 'Aircraft Maintenance Engineer'
WHERE Staff_ID = 10;
UPDATE STAFF SET Occupation = 'Co-Pilot'
WHERE Staff_ID = 11;
UPDATE STAFF SET Occupation = 'Pilot'
WHERE Staff_ID = 12;

Select * FROM STAFF;
/*Table 3: Model*/

Select * FROM MODEL;

INSERT INTO MODEL VALUES(1,'Airbus A320',3600,186);
INSERT INTO MODEL VALUES(2,'Boeing 737-800',3780,189);
INSERT INTO MODEL VALUES(3,'Boeing 787-9',4400,220);

/*Table 4:Aircraft*/
Select * FROM AIRCRAFT;

INSERT INTO AIRCRAFT 
VALUES(1,1,'ZS-A04',1043,6300,12500, 
        TO_DATE('2015-06-12','YYYY-MM-DD'),TO_DATE('2025-12-12','YYYY-MM-DD'),
        ADD_MONTHS(TO_DATE('2025-12-12','YYYY-MM-DD'),6),'Active');

INSERT INTO AIRCRAFT
VALUES(2,2,'ZS-B01',35012,5765,10800,
        TO_DATE('2014-09-18','YYYY-MM-DD'),TO_DATE('2025-12-12','YYYY-MM-DD'),
        ADD_MONTHS(TO_DATE('2025-12-12','YYYY-MM-DD'),6),'Active');

INSERT INTO AIRCRAFT 
VALUES(3,3,'ZS-B09',65432,6570,8500, 
        TO_DATE('2019-03-22','YYYY-MM-DD'),TO_DATE('2025-12-12','YYYY-MM-DD'),
        ADD_MONTHS(TO_DATE('2025-12-12','YYYY-MM-DD'),6),'Active');

INSERT INTO AIRCRAFT 
VALUES(4,1,'ZS-A06',1043,6300,12500,
        TO_DATE('2015-06-12','YYYY-MM-DD'),TO_DATE('2025-07-19','YYYY-MM-DD'),
        ADD_MONTHS(TO_DATE('2025-07-19','YYYY-MM-DD'),6),'Inactive');

INSERT INTO AIRCRAFT 
VALUES(5,1,'ZS-A03',1043,6300,12500, 
        TO_DATE('2015-06-12','YYYY-MM-DD'),TO_DATE('2025-03-09','YYYY-MM-DD'),
        ADD_MONTHS(TO_DATE('2025-03-09','YYYY-MM-DD'),6),'Inactive');

INSERT INTO AIRCRAFT 
VALUES(6,2,'ZS-B08',35012,5765,10800,
        TO_DATE('2014-09-18','YYYY-MM-DD'),TO_DATE('2025-12-12','YYYY-MM-DD'),
        ADD_MONTHS(TO_DATE('2025-12-12','YYYY-MM-DD'),6),'Active');

INSERT INTO AIRCRAFT 
VALUES(7,2,'ZS-B03',35012,5765,10800, 
        TO_DATE('2014-09-18','YYYY-MM-DD'),TO_DATE('2025-12-12','YYYY-MM-DD'),
        ADD_MONTHS(TO_DATE('2025-12-12','YYYY-MM-DD'),6),'Active');

INSERT INTO AIRCRAFT 
VALUES(8,2,'ZS-B05',35012,5765,10800,
        TO_DATE('2014-09-18','YYYY-MM-DD'),TO_DATE('2025-04-02','YYYY-MM-DD'),
        ADD_MONTHS(TO_DATE('2025-04-02','YYYY-MM-DD'),6),'Active');

UPDATE AIRCRAFT SET REG_NUMBER='ZS-BO8' WHERE AIRCRAFT_ID = 6;
UPDATE AIRCRAFT SET REG_NUMBER='ZS-BO3' WHERE AIRCRAFT_ID = 7;
UPDATE AIRCRAFT SET REG_NUMBER='ZS-BO5' WHERE AIRCRAFT_ID = 8;

UPDATE AIRCRAFT SET NEXT_MAINTAIN_DATE = ADD_MONTHS(TO_DATE('2025-12-12','YYYY-MM-DD'),6) WHERE AIRCRAFT_ID = 1;
UPDATE AIRCRAFT SET NEXT_MAINTAIN_DATE = ADD_MONTHS(TO_DATE('2025-12-12','YYYY-MM-DD'),6) WHERE AIRCRAFT_ID = 2;
UPDATE AIRCRAFT SET NEXT_MAINTAIN_DATE = ADD_MONTHS(TO_DATE('2025-12-12','YYYY-MM-DD'),6) WHERE AIRCRAFT_ID = 3;
UPDATE AIRCRAFT SET NEXT_MAINTAIN_DATE = ADD_MONTHS(TO_DATE('2025-07-19','YYYY-MM-DD'),6) WHERE AIRCRAFT_ID = 4;
UPDATE AIRCRAFT SET NEXT_MAINTAIN_DATE = ADD_MONTHS(TO_DATE('2025-03-09','YYYY-MM-DD'),6) WHERE AIRCRAFT_ID = 5;
UPDATE AIRCRAFT SET NEXT_MAINTAIN_DATE = ADD_MONTHS(TO_DATE('2025-12-12','YYYY-MM-DD'),6) WHERE AIRCRAFT_ID = 6;
UPDATE AIRCRAFT SET NEXT_MAINTAIN_DATE = ADD_MONTHS(TO_DATE('2025-12-12','YYYY-MM-DD'),6) WHERE AIRCRAFT_ID = 7;
UPDATE AIRCRAFT SET NEXT_MAINTAIN_DATE = ADD_MONTHS(TO_DATE('2025-04-02','YYYY-MM-DD'),6) WHERE AIRCRAFT_ID = 8;

SELECT * FROM AIRCRAFT;

/*table5: Airports*/
SELECT * FROM AIRPORT;

INSERT INTO AIRPORT VALUES (1, 1, 'O.R. Tambo International', -26.1367, 28.2411, 65);
INSERT INTO AIRPORT VALUES (2, 2, 'Lanseria International', -25.9385, 27.9261, 6);
INSERT INTO AIRPORT VALUES (3, 3, 'Polokwane International', -23.8450, 29.4578, 4);
INSERT INTO AIRPORT VALUES (4, 4, 'Cape Town International', -33.9715, 18.6021, 32);
INSERT INTO AIRPORT VALUES (5, 5, 'George Airport', -34.0056, 22.3789, 8);
INSERT INTO AIRPORT VALUES (6, 6, 'Bram Fischer International', -29.0927, 26.3024, 4);
INSERT INTO AIRPORT VALUES (7, 7, 'King Shaka International', -29.6094, 31.1141, 16);
INSERT INTO AIRPORT VALUES (8, 8, 'Upington International', -28.4014, 21.2706, 6);
INSERT INTO AIRPORT VALUES (9, 9, 'Kimberley Airport', -28.8028, 24.7652, 6);
INSERT INTO AIRPORT VALUES (10, 10, 'Chief Dawid Stuurman International', -33.9849, 25.6173, 63);
INSERT INTO AIRPORT VALUES (11, 11, 'Mthatha Airport', -31.5476, 28.6738, 4);
INSERT INTO AIRPORT VALUES (12, 12, 'King Phalo Airport', -33.0356, 27.8259, 4);
INSERT INTO AIRPORT VALUES (13, 13, 'Kruger Mpumalanga International', -25.3849, 31.1105, 8);


SELECT * FROM CITY;
SELECT * FROM PROVINCE;
SELECT City_ID FROM CITY ORDER BY City_ID;
SELECT City_ID, City_Name FROM CITY;
ALTER TABLE AIRPORT DROP CONSTRAINT CITY_ID;

/*table 6: Route*/
INSERT INTO ROUTE VALUES (1, 1, 4, 'JNB-CPT', 1270, INTERVAL '0 2:15:00' DAY TO SECOND, 21, 'ACTIVE');
INSERT INTO ROUTE VALUES (2, 1, 7, 'JNB-DUR', 555,  INTERVAL '0 1:15:00' DAY TO SECOND, 18, 'ACTIVE');
INSERT INTO ROUTE VALUES (3, 1, 6, 'JNB-BFN', 395,  INTERVAL '0 1:05:00' DAY TO SECOND, 7,  'ACTIVE');
INSERT INTO ROUTE VALUES (4, 1, 10, 'JNB-PLZ', 740,  INTERVAL '0 1:45:00' DAY TO SECOND, 10, 'ACTIVE');
INSERT INTO ROUTE VALUES (5, 1, 8, 'JNB-UTN', 800,  INTERVAL '0 1:35:00' DAY TO SECOND, 5,  'ACTIVE');
INSERT INTO ROUTE VALUES (6, 1, 12, 'JNB-ELS', 920,  INTERVAL '0 1:30:00' DAY TO SECOND, 7,  'ACTIVE');
INSERT INTO ROUTE VALUES (7, 1, 5, 'JNB-GRJ', 1145, INTERVAL '0 2:00:00' DAY TO SECOND, 6,  'ACTIVE');
INSERT INTO ROUTE VALUES (8, 1,9 , 'JNB-KIM', 470,  INTERVAL '0 1:05:00' DAY TO SECOND, 5,  'ACTIVE');
INSERT INTO ROUTE VALUES (9, 1, 2, 'JNB-HLA', 39,   INTERVAL '0 0:20:00' DAY TO SECOND, 14, 'ACTIVE');
INSERT INTO ROUTE VALUES (10, 1, 13, 'JNB-MQP', 298, INTERVAL '0 0:55:00' DAY TO SECOND, 10, 'ACTIVE');
INSERT INTO ROUTE VALUES (11, 1, 3, 'JNB-PTG', 283, INTERVAL '0 0:55:00' DAY TO SECOND, 7,  'ACTIVE');
INSERT INTO ROUTE VALUES (12, 1, 11, 'JNB-UTT', 710, INTERVAL '0 1:20:00' DAY TO SECOND, 5,  'ACTIVE');

INSERT INTO ROUTE VALUES (13, 2, 1, 'CPT-JNB', 1270, INTERVAL '0 2:15:00' DAY TO SECOND, 21, 'ACTIVE');
INSERT INTO ROUTE VALUES (14, 2, 7, 'CPT-DUR', 1272, INTERVAL '0 2:05:00' DAY TO SECOND, 14, 'ACTIVE');
INSERT INTO ROUTE VALUES (15, 2, 6, 'CPT-BFN', 878,  INTERVAL '0 1:35:00' DAY TO SECOND, 7,  'ACTIVE');
INSERT INTO ROUTE VALUES (16, 2, 10, 'CPT-PLZ', 740,  INTERVAL '0 1:10:00' DAY TO SECOND, 10, 'ACTIVE');
INSERT INTO ROUTE VALUES (17, 2, 8, 'CPT-UTN', 668,  INTERVAL '0 1:15:00' DAY TO SECOND, 5,  'ACTIVE');
INSERT INTO ROUTE VALUES (18, 2,12 , 'CPT-ELS', 1056, INTERVAL '0 1:35:00' DAY TO SECOND, 7,  'ACTIVE');
INSERT INTO ROUTE VALUES (19, 2, 5, 'CPT-GRJ', 395,  INTERVAL '0 0:55:00' DAY TO SECOND, 9,  'ACTIVE');
INSERT INTO ROUTE VALUES (20, 2, 9, 'CPT-KIM', 960,  INTERVAL '0 1:35:00' DAY TO SECOND, 6,  'ACTIVE');
INSERT INTO ROUTE VALUES (21, 2, 2, 'CPT-HLA', 1275, INTERVAL '0 2:05:00' DAY TO SECOND, 14, 'ACTIVE');
INSERT INTO ROUTE VALUES (22, 2, 13, 'CPT-MQP', 1535, INTERVAL '0 2:20:00' DAY TO SECOND, 6,  'ACTIVE');
INSERT INTO ROUTE VALUES (23, 2, 3, 'CPT-PTG', 1545, INTERVAL '0 2:25:00' DAY TO SECOND, 5,  'ACTIVE');
INSERT INTO ROUTE VALUES (24, 2, 11, 'CPT-UTT', 1380, INTERVAL '0 2:10:00' DAY TO SECOND, 4,  'ACTIVE');

INSERT INTO ROUTE VALUES (25, 3, 1, 'MQP-JNB', 298,  INTERVAL '0 0:55:00' DAY TO SECOND, 21, 'ACTIVE');
INSERT INTO ROUTE VALUES (26, 3, 4, 'MQP-CPT', 1535, INTERVAL '0 2:40:00' DAY TO SECOND, 6,  'ACTIVE');
INSERT INTO ROUTE VALUES (27, 3, 7, 'MQP-DUR', 470,  INTERVAL '0 1:05:00' DAY TO SECOND, 5,  'ACTIVE');
INSERT INTO ROUTE VALUES (28, 3, 6, 'MQP-BFN', 629,  INTERVAL '0 1:15:00' DAY TO SECOND, 3,  'ACTIVE');
INSERT INTO ROUTE VALUES (29, 3, 10, 'MQP-PLZ', 910,  INTERVAL '0 1:50:00' DAY TO SECOND, 3,  'ACTIVE');
INSERT INTO ROUTE VALUES (30, 3, 8, 'MQP-UTN', 962,  INTERVAL '0 1:55:00' DAY TO SECOND, 2,  'ACTIVE');
INSERT INTO ROUTE VALUES (31, 3, 12, 'MQP-ELS', 840,  INTERVAL '0 1:40:00' DAY TO SECOND, 2,  'ACTIVE');
INSERT INTO ROUTE VALUES (32, 3, 5, 'MQP-GRJ', 1274, INTERVAL '0 2:30:00' DAY TO SECOND, 2,  'ACTIVE');
INSERT INTO ROUTE VALUES (33, 3, 9, 'MQP-KIM', 720,  INTERVAL '0 1:25:00' DAY TO SECOND, 2,  'ACTIVE');
INSERT INTO ROUTE VALUES (34, 3, 2, 'MQP-HLA', 260,  INTERVAL '0 0:50:00' DAY TO SECOND, 7,  'ACTIVE');
INSERT INTO ROUTE VALUES (35, 3, 3, 'MQP-PTG', 215,  INTERVAL '0 0:45:00' DAY TO SECOND, 5,  'ACTIVE');
INSERT INTO ROUTE VALUES (36, 3, 11, 'MQP-UTT', 723,  INTERVAL '0 1:21:00' DAY TO SECOND, 2,  'ACTIVE');

INSERT INTO ROUTE VALUES (37, 9, 1, 'KIM-JNB', 429, INTERVAL '0 01:25:00' DAY TO SECOND, 23, 'ACTIVE');
INSERT INTO ROUTE VALUES (38, 9, 4, 'KIM-CPT', 818, INTERVAL '0 01:35:00' DAY TO SECOND, 18, 'ACTIVE');
INSERT INTO ROUTE VALUES (39, 9, 7, 'KIM-DUR', 623.3, INTERVAL '0 02:10:00' DAY TO SECOND, 10, 'ACTIVE');
INSERT INTO ROUTE VALUES (40, 9, 6, 'KIM-BFN', 143, INTERVAL '0 00:41:00' DAY TO SECOND, 5, 'ACTIVE');
INSERT INTO ROUTE VALUES (41, 9, 10, 'KIM-PLZ', 586.46, INTERVAL '0 01:13:00' DAY TO SECOND, 8, 'ACTIVE');
INSERT INTO ROUTE VALUES (42, 9, 8, 'KIM-UTN', 359, INTERVAL '0 01:04:00' DAY TO SECOND, 7, 'ACTIVE');
INSERT INTO ROUTE VALUES (43, 9, 12, 'KIM-ELS', 559, INTERVAL '0 02:20:00' DAY TO SECOND, 5, 'ACTIVE');
INSERT INTO ROUTE VALUES (44, 9, 5, 'KIM-GRJ', 620, INTERVAL '0 02:30:00' DAY TO SECOND, 12, 'ACTIVE');
INSERT INTO ROUTE VALUES (45, 9, 2, 'KIM-HLA', 446, INTERVAL '0 01:46:00' DAY TO SECOND, 14, 'ACTIVE');
INSERT INTO ROUTE VALUES (46, 9, 13, 'KIM-MQP', 715, INTERVAL '0 03:15:00' DAY TO SECOND, 16, 'ACTIVE');
INSERT INTO ROUTE VALUES (47, 9, 3, 'KIM-PTG', 713, INTERVAL '0 01:50:00' DAY TO SECOND, 9, 'ACTIVE');
INSERT INTO ROUTE VALUES (48, 9, 11, 'KIM-UTT', 484, INTERVAL '0 02:15:00' DAY TO SECOND, 7, 'ACTIVE');


INSERT INTO ROUTE VALUES (60,11, 1, 'UTT-JNB', 374, INTERVAL '0 1:15:00' DAY TO SECOND, 6, 'ACTIVE');
INSERT INTO ROUTE VALUES (61, 11, 4, 'UTT-CPT', 665, INTERVAL '0 1:45:00' DAY TO SECOND, 12, 'ACTIVE');
INSERT INTO ROUTE VALUES (62, 11, 7, 'UTT-DUR', 289, INTERVAL '0 0:52:00' DAY TO SECOND, 9, 'ACTIVE');
INSERT INTO ROUTE VALUES (63, 11, 6, 'UTT-BFN', 369, INTERVAL '0 2:25:00' DAY TO SECOND, 7, 'ACTIVE');
INSERT INTO ROUTE VALUES (64, 11, 10, 'UTT-PLZ', 665, INTERVAL '0 2:16:00' DAY TO SECOND, 10, 'ACTIVE');
INSERT INTO ROUTE VALUES (64, 11, 8, 'UTT-UTN', 81,  INTERVAL '0 4:10:00' DAY TO SECOND, 8, 'ACTIVE');
INSERT INTO ROUTE VALUES (65, 11, 5, 'UTT-GRJ', 649, INTERVAL '0 2:20:00' DAY TO SECOND, 15, 'ACTIVE');
INSERT INTO ROUTE VALUES (66, 11, 9, 'UTT-KIM', 500, INTERVAL '0 2:25:00' DAY TO SECOND, 9, 'ACTIVE');
INSERT INTO ROUTE VALUES (67, 11, 2, 'UTT-HLA', 670, INTERVAL '0 2:12:00' DAY TO SECOND, 7, 'ACTIVE');
INSERT INTO ROUTE VALUES (68, 11, 13, 'UTT-MQP', 765, INTERVAL '0 3:45:00' DAY TO SECOND, 13, 'ACTIVE');
INSERT INTO ROUTE VALUES (69, 11, 3, 'UTT-PTG', 854, INTERVAL '0 2:15:00' DAY TO SECOND, 10, 'ACTIVE');

INSERT INTO ROUTE VALUES (49, 2, 4, 'HLA-CPT', 1271, INTERVAL '0 2:20:00' DAY TO SECOND, 12, 'ACTIVE');
INSERT INTO ROUTE VALUES (50, 2, 7, 'HLA-DUR', 516, INTERVAL '0 1:23:00' DAY TO SECOND, 28, 'ACTIVE');
INSERT INTO ROUTE VALUES (51, 2, 6, 'HLA-BFN', 386, INTERVAL '0 1:25:00' DAY TO SECOND, 25, 'ACTIVE');
INSERT INTO ROUTE VALUES (52, 2, 10, 'HLA-PLZ', 96, INTERVAL '0 1:56:00' DAY TO SECOND, 18, 'ACTIVE');
INSERT INTO ROUTE VALUES (53, 2, 8, 'HLA-UTN', 777.7, INTERVAL '0 2:17:00' DAY TO SECOND, 30, 'ACTIVE');
INSERT INTO ROUTE VALUES (54, 2, 12, 'HLA-ELS', 790, INTERVAL '0 1:40:00' DAY TO SECOND, 22, 'ACTIVE');
INSERT INTO ROUTE VALUES (55, 2, 5, 'HLA-GRJ', 1043, INTERVAL '0 2:10:00' DAY TO SECOND, 15, 'ACTIVE');
INSERT INTO ROUTE VALUES (56, 2, 9, 'HLA-KIM', 278, INTERVAL '0 6:20:00' DAY TO SECOND, 26, 'ACTIVE');
INSERT INTO ROUTE VALUES (57, 2, 13, 'HLA-MQP', 362, INTERVAL '0 2:04:00' DAY TO SECOND, 16, 'ACTIVE');
INSERT INTO ROUTE VALUES (58, 2, 3, 'HLA-PTG', 274, INTERVAL '0 1:45:00' DAY TO SECOND, 20, 'ACTIVE');
INSERT INTO ROUTE VALUES (59, 2, 11, 'HLA-UTT', 665, INTERVAL '0 2:16:00' DAY TO SECOND, 30, 'ACTIVE');

INSERT INTO ROUTE VALUES (70,10 , 1, 'PLZ-JNB', 906, INTERVAL '0 01:30:00' DAY TO SECOND, 28, 'ACTIVE');
INSERT INTO ROUTE VALUES (71, 10, 4, 'PLZ-CPT', 660, INTERVAL '0 01:15:00' DAY TO SECOND, 25, 'ACTIVE');
INSERT INTO ROUTE VALUES (72, 10, 7, 'PLZ-DUR', 700, INTERVAL '0 01:20:00' DAY TO SECOND, 31, 'ACTIVE');
INSERT INTO ROUTE VALUES (73, 10,6, 'PLZ-BFN', 520, INTERVAL '0 01:15:00' DAY TO SECOND, 15, 'ACTIVE');
INSERT INTO ROUTE VALUES (74,10, 8, 'PLZ-UTN', 950, INTERVAL '0 02:15:00' DAY TO SECOND, 5, 'ACTIVE');
INSERT INTO ROUTE VALUES (75, 10, 12, 'PLZ-ELS', 270, INTERVAL '0 00:55:00' DAY TO SECOND, 24, 'ACTIVE');
INSERT INTO ROUTE VALUES (76, 10, 5, 'PLZ-GRJ', 390, INTERVAL '0 01:10:00' DAY TO SECOND, 26, 'ACTIVE');
INSERT INTO ROUTE VALUES (77, 10, 9, 'PLZ-KIM', 650, INTERVAL '0 01:05:00' DAY TO SECOND, 20, 'ACTIVE');
INSERT INTO ROUTE VALUES (77, 10,13, 'PLZ-MQP', 1050, INTERVAL '0 02:20:00' DAY TO SECOND, 24, 'ACTIVE');
INSERT INTO ROUTE VALUES (78, 10, 3, 'PLZ-PTG', 1000, INTERVAL '0 02:15:00' DAY TO SECOND, 7, 'ACTIVE');
INSERT INTO ROUTE VALUES (79, 10, 2, 'PLZ-HLA', 900, INTERVAL '0 02:00:00' DAY TO SECOND, 11, 'ACTIVE');
INSERT INTO ROUTE VALUES (80, 10, 11, 'PLZ-UTT', 300, INTERVAL '0 01:00:00' DAY TO SECOND, 8, 'ACTIVE');

INSERT INTO ROUTE VALUES (81, 8, 11, 'UTN-UTT', 850, INTERVAL '0 01:50:00' DAY TO SECOND, 7, 'ACTIVE');
INSERT INTO ROUTE VALUES (82, 8, 10, 'UTN-PLZ', 950, INTERVAL '0 02:15:00' DAY TO SECOND, 8, 'ACTIVE');
INSERT INTO ROUTE VALUES (83, 8, 4, 'UTN-CPT', 750, INTERVAL '0 01:45:00' DAY TO SECOND, 17, 'ACTIVE');
INSERT INTO ROUTE VALUES (84, 8, 7, 'UTN-DUR', 900, INTERVAL '0 02:00:00' DAY TO SECOND, 10, 'ACTIVE');
INSERT INTO ROUTE VALUES (85, 8, 1, 'UTN-JNB', 800, INTERVAL '0 01:50:00' DAY TO SECOND, 29, 'ACTIVE');
INSERT INTO ROUTE VALUES (86, 8, 6, 'UTN-BFN', 480, INTERVAL '0 01:15:00' DAY TO SECOND, 28, 'ACTIVE');
INSERT INTO ROUTE VALUES (87, 8, 5, 'UTN-GRJ', 700, INTERVAL '0 01:40:00' DAY TO SECOND, 24, 'ACTIVE');
INSERT INTO ROUTE VALUES (88, 8, 12, 'UTN-ELS', 800, INTERVAL '0 01:50:00' DAY TO SECOND, 17, 'ACTIVE');
INSERT INTO ROUTE VALUES (89, 8, 9, 'UTN-KIM', 400, INTERVAL '0 01:10:00' DAY TO SECOND, 7, 'ACTIVE');
INSERT INTO ROUTE VALUES (90, 8, 13, 'UTN-MQP', 1300, INTERVAL '0 02:40:00' DAY TO SECOND, 27, 'ACTIVE');
INSERT INTO ROUTE VALUES (91, 8, 3, 'UTN-PTG', 950, INTERVAL '0 02:10:00' DAY TO SECOND, 30, 'ACTIVE');
INSERT INTO ROUTE VALUES (92, 8, 2, 'UTN-HLA', 820, INTERVAL '0 01:50:00' DAY TO SECOND, 27, 'ACTIVE');

INSERT INTO ROUTE VALUES (93, 12, 1, 'ELS-JNB', 768, INTERVAL '0 1:20:00' DAY TO SECOND, 22, 'ACTIVE');
INSERT INTO ROUTE VALUES (94, 12, 4, 'ELS-CPT', 861, INTERVAL '0 1:30:00' DAY TO SECOND, 18, 'ACTIVE');
INSERT INTO ROUTE VALUES (95, 12, 7, 'ELS-DUR', 492, INTERVAL '0 1:00:00' DAY TO SECOND, 25, 'ACTIVE');
INSERT INTO ROUTE VALUES (96, 12, 6, 'ELS-BFN', 462, INTERVAL '0 0:55:00' DAY TO SECOND, 12, 'ACTIVE');
INSERT INTO ROUTE VALUES (97, 12, 10, 'ELS-PLZ', 230, INTERVAL '0 0:40:00' DAY TO SECOND, 30, 'ACTIVE');
INSERT INTO ROUTE VALUES (98, 12, 8, 'ELS-UTN', 801, INTERVAL '0 1:25:00' DAY TO SECOND, 27, 'ACTIVE');
INSERT INTO ROUTE VALUES (99, 12, 9, 'ELS-KIM', 554, INTERVAL '0 1:05:00' DAY TO SECOND, 14, 'ACTIVE');
INSERT INTO ROUTE VALUES (100, 12, 2, 'ELS-HLA', 789, INTERVAL '0 1:25:00' DAY TO SECOND, 19, 'ACTIVE');
INSERT INTO ROUTE VALUES (101, 12, 13, 'ELS-MQP', 908, INTERVAL '0 1:30:00' DAY TO SECOND, 33, 'ACTIVE');
INSERT INTO ROUTE VALUES (102, 12, 3, 'ELS-PTG', 1034, INTERVAL '0 1:45:00' DAY TO SECOND, 28, 'ACTIVE');
INSERT INTO ROUTE VALUES (103, 12, 11, 'ELS-UTT', 184, INTERVAL '0 0:35:00' DAY TO SECOND, 16, 'ACTIVE');
INSERT INTO ROUTE VALUES (104, 12, 5, 'ELS-GRJ', 517, INTERVAL '0 1:10:00' DAY TO SECOND, 21, 'ACTIVE');

SELECT * FROM ROUTE;

/*table: flight crew*/

INSERT INTO FLIGHT_CREW (Staff_ID, License_No, License_Expiry_Date, Staff_Type)
VALUES (1, 'ZA-PIL-001', TO_DATE('2027-06-15', 'YYYY-MM-DD'), 'P');
INSERT INTO FLIGHT_CREW (Staff_ID, License_No, License_Expiry_Date, Staff_Type)
VALUES (2, 'ZA-ATT-002', TO_DATE('2026-03-20', 'YYYY-MM-DD'), 'F');
INSERT INTO FLIGHT_CREW (Staff_ID, License_No, License_Expiry_Date, Staff_Type)
VALUES (4, 'ZA-PIL-004', TO_DATE('2028-01-10', 'YYYY-MM-DD'), 'P');
INSERT INTO FLIGHT_CREW (Staff_ID, License_No, License_Expiry_Date, Staff_Type)
VALUES (5, 'ZA-PIL-005', TO_DATE('2026-09-30', 'YYYY-MM-DD'), 'P');
INSERT INTO FLIGHT_CREW (Staff_ID, License_No, License_Expiry_Date, Staff_Type)
VALUES (6, 'ZA-ENG-006', TO_DATE('2027-11-25', 'YYYY-MM-DD'), 'P');
INSERT INTO FLIGHT_CREW (Staff_ID, License_No, License_Expiry_Date, Staff_Type)
VALUES (7, 'ZA-ATT-007', TO_DATE('2026-07-14', 'YYYY-MM-DD'), 'F');
INSERT INTO FLIGHT_CREW (Staff_ID, License_No, License_Expiry_Date, Staff_Type)
VALUES (11, 'ZA-PIL-011', TO_DATE('2029-02-28', 'YYYY-MM-DD'), 'P');
INSERT INTO FLIGHT_CREW (Staff_ID, License_No, License_Expiry_Date, Staff_Type)
VALUES (12, 'ZA-PIL-012', TO_DATE('2027-08-19', 'YYYY-MM-DD'), 'P');
INSERT INTO FLIGHT_CREW (Staff_ID, License_No, License_Expiry_Date, Staff_Type)
VALUES (13, 'ZA-ATT-013', TO_DATE('2027-03-15', 'YYYY-MM-DD'), 'F');
INSERT INTO FLIGHT_CREW (Staff_ID, License_No, License_Expiry_Date, Staff_Type)
VALUES (14, 'ZA-ATT-014', TO_DATE('2026-11-20', 'YYYY-MM-DD'), 'F');
INSERT INTO FLIGHT_CREW (Staff_ID, License_No, License_Expiry_Date, Staff_Type)
VALUES (15, 'ZA-ATT-015', TO_DATE('2028-05-10', 'YYYY-MM-DD'), 'F');

SELECT * FROM FLIGHT_CREW;

/*table: Pilot*/
INSERT INTO PILOT (Staff_Pilot_ID, License_Type, Rank, Flight_Hours)
VALUES (1, 'ATPL', 'Captain', 5200);
INSERT INTO PILOT (Staff_Pilot_ID, License_Type, Rank, Flight_Hours)
VALUES (4, 'CPL', 'First Officer', 2800);
INSERT INTO PILOT (Staff_Pilot_ID, License_Type, Rank, Flight_Hours)
VALUES (5, 'ATPL', 'Captain', 6100);
INSERT INTO PILOT (Staff_Pilot_ID, License_Type, Rank, Flight_Hours)
VALUES (6, 'CPL', 'Flight Engineer', 3400);
INSERT INTO PILOT (Staff_Pilot_ID, License_Type, Rank, Flight_Hours)
VALUES (11, 'CPL', 'First Officer', 1900);
INSERT INTO PILOT (Staff_Pilot_ID, License_Type, Rank, Flight_Hours)
VALUES (12, 'ATPL', 'Captain', 7800);

UPDATE PILOT SET License_Type = 'ATPL', Rank = 'Pilot', Flight_Hours = 5200
WHERE Staff_Pilot_ID = 1;
UPDATE PILOT SET License_Type = 'CPL', Rank = 'Co-Pilot', Flight_Hours = 2800
WHERE Staff_Pilot_ID = 4;
UPDATE PILOT SET License_Type = 'ATPL', Rank = 'Pilot', Flight_Hours = 6100
WHERE Staff_Pilot_ID = 5;
UPDATE PILOT SET License_Type = 'CPL', Rank = 'Co-Pilot', Flight_Hours = 1900
WHERE Staff_Pilot_ID = 11;
UPDATE PILOT SET License_Type = 'ATPL', Rank = 'Pilot', Flight_Hours = 7800
WHERE Staff_Pilot_ID = 12;

DELETE FROM PILOT
WHERE Staff_Pilot_ID = 6;

SELECT * FROM PILOT;

/*table: flight_attendant*/
INSERT INTO FLIGHT_ATTENDANT (Staff_Attendant_ID, Service_Level, Years_of_Experience)
VALUES (2, 'Economy', 3);
INSERT INTO FLIGHT_ATTENDANT (Staff_Attendant_ID, Service_Level, Years_of_Experience)
VALUES (7, 'Business', 8);
INSERT INTO FLIGHT_ATTENDANT (Staff_Attendant_ID, Service_Level, Years_of_Experience)
VALUES (13, 'Economy', 2);
INSERT INTO FLIGHT_ATTENDANT (Staff_Attendant_ID, Service_Level, Years_of_Experience)
VALUES (14, 'Business', 6);
INSERT INTO FLIGHT_ATTENDANT (Staff_Attendant_ID, Service_Level, Years_of_Experience)
VALUES (15, 'Economy', 1);

SELECT * FROM FLIGHT_ATTENDANT;

/*Passenger*/

ALTER TABLE PASSENGER ADD CONSTRAINT CHK_PASSENGER_EMAIL CHECK (PASSENGER_EMAIL LIKE '%_@%.__%');

INSERT INTO PASSENGER VALUES (1,'Sipho','Dlamini','9001015009087','sipho@email.com','0821234567','N');
INSERT INTO PASSENGER VALUES (2,'Nomsa','Khumalo','9205200234081','Nomsa@email.com','0731234567','N');
INSERT INTO PASSENGER VALUES (3,'James','van der Berg','8811305001082','James@email.com','0611234567','Y');
INSERT INTO PASSENGER VALUES (4,'Aisha','Patel','9507152345089','Aisha@email.com','0841234567','N');
INSERT INTO PASSENGER VALUES (5,'Thabo','Mokoena','8904205678086','Thabo@email.com','0791234567','Y');
INSERT INTO PASSENGER VALUES (6,'Thabo','Bester','8988205678086','Thabo@email.com','0791234567','Y');


SELECT * FROM PASSENGER;

/*Booking payment*/
INSERT INTO BOOKING_PAYMENT VALUES (1,'Paid',2500.00,0,'None');
INSERT INTO BOOKING_PAYMENT VALUES (2,'Paid',3800.00,0,'None');
INSERT INTO BOOKING_PAYMENT VALUES (3,'Pending',2200.00,0,'None');
INSERT INTO BOOKING_PAYMENT VALUES (4,'Paid',4100.00,0,'None');
INSERT INTO BOOKING_PAYMENT VALUES (5,'Paid',2500.00,0,'None');
INSERT INTO BOOKING_PAYMENT VALUES (6,'Paid',2500.00,0,'None');
INSERT INTO BOOKING_PAYMENT VALUES (7,'Paid',4100.00,0,'None');

SELECT * FROM BOOKING_PAYMENT;

/*BOOKING*/
INSERT INTO BOOKING VALUES (101,1,'BO1409',TO_DATE('2026-05-01','YYYY-MM-DD'),1,'Confirmed');
INSERT INTO BOOKING VALUES (102,2,'BO3267',TO_DATE('2026-05-02','YYYY-MM-DD'),2,'Confirmed');
INSERT INTO BOOKING VALUES (103,3,'BO9873',TO_DATE('2026-05-03','YYYY-MM-DD'),1,'Pending');
INSERT INTO BOOKING VALUES (104,4,'BO8342',TO_DATE('2026-05-04','YYYY-MM-DD'),1,'Confirmed');
INSERT INTO BOOKING VALUES (105,5,'BO7511',TO_DATE('2026-05-05','YYYY-MM-DD'),1,'Confirmed');
INSERT INTO BOOKING VALUES (106,6,'BO7512',TO_DATE('2026-05-05','YYYY-MM-DD'),1,'Confirmed');
INSERT INTO BOOKING VALUES (107,6,'BO7515',TO_DATE('2026-12-05','YYYY-MM-DD'),1,'Confirmed');

SELECT * FROM BOOKING;

/*FLIGHT*/
SELECT * FROM AIRCRAFT;
SELECT * FROM ROUTE;


INSERT INTO FLIGHT 
VALUES (375, 3, 1, 'SA101', 
        TO_DATE('2026-06-01', 'YYYY-MM-DD'),
        TO_DATE('2026-06-01', 'YYYY-MM-DD'),
        TO_TIMESTAMP('2026-06-01 06:30:00', 'YYYY-MM-DD HH24:MI:SS'),
        150, 'Scheduled','B8',1500);

INSERT INTO FLIGHT 
VALUES (88, 4, 4, 'SA202',
        TO_DATE('2026-06-02', 'YYYY-MM-DD'),
        TO_DATE('2026-06-02', 'YYYY-MM-DD'),
        TO_TIMESTAMP('2026-06-02 08:30:00', 'YYYY-MM-DD HH24:MI:SS'),
        180, 'Scheduled','A12',1450);


INSERT INTO FLIGHT 
VALUES (90, 5, 19, 'SA303',
        TO_DATE('2026-06-03', 'YYYY-MM-DD'),
        TO_DATE('2026-06-03', 'YYYY-MM-DD'),
        TO_TIMESTAMP('2026-06-03 12:30:00', 'YYYY-MM-DD HH24:MI:SS'),
        150, 'Scheduled','B67',850);

INSERT INTO FLIGHT 
VALUES (40, 2, 29, 'SA404',
        TO_DATE('2026-06-04', 'YYYY-MM-DD'),
        TO_DATE('2026-06-04', 'YYYY-MM-DD'),
        TO_TIMESTAMP('2026-06-04 08:00:00', 'YYYY-MM-DD HH24:MI:SS'),
        200, 'Scheduled','B85',1850);

INSERT INTO FLIGHT 
VALUES (55, 1, 45, 'SA105',
        TO_DATE('2026-06-05', 'YYYY-MM-DD'),
        TO_DATE('2026-06-05', 'YYYY-MM-DD'),
        TO_TIMESTAMP('2026-06-05 08:00:00', 'YYYY-MM-DD HH24:MI:SS'),
        180, 'Scheduled','A05',1650);
        

INSERT INTO FLIGHT 
VALUES (6, 5, 1, 'SA506',
        TO_DATE('2026-06-26', 'YYYY-MM-DD'),
        TO_TIMESTAMP('2026-26-06 07:20:00', 'YYYY-MM-DD HH24:MI:SS'),
        TO_DATE('2026-06-26', 'YYYY-MM-DD'),
        150, 'Scheduled', 'B02', 1200);


INSERT INTO FLIGHT
VALUES (7, 5, 2, 'SA607',
        TO_DATE('2026-06-17', 'YYYY-MM-DD'),
        TO_TIMESTAMP('2026-06-17 09:10:00', 'YYYY-MM-DD HH24:MI:SS'),
        TO_DATE('2026-06-17', 'YYYY-MM-DD'),
        180, 'Scheduled', 'C01', 1400);


INSERT INTO FLIGHT 
VALUES (8, 2, 3, 'SA208',
        TO_DATE('2026-06-28', 'YYYY-MM-DD'),
        TO_TIMESTAMP('2026-06-28 11:45:00', 'YYYY-MM-DD HH24:MI:SS'),
        TO_DATE('2026-06-28', 'YYYY-MM-DD'),
        200, 'Scheduled', 'A03', 1550);


INSERT INTO FLIGHT 
VALUES (98, 4, 1, 'SA409',
        TO_DATE('2026-06-19', 'YYYY-MM-DD'),
        TO_TIMESTAMP('2026-06-19 14:25:00', 'YYYY-MM-DD HH24:MI:SS'),
        TO_DATE('2026-06-19', 'YYYY-MM-DD'),
        150, 'Scheduled', 'B04', 1300);


INSERT INTO FLIGHT
VALUES (101, 3, 2, 'SA310',
        TO_DATE('2026-06-10', 'YYYY-MM-DD'),
        TO_TIMESTAMP('2026-06-10 18:00:00', 'YYYY-MM-DD HH24:MI:SS'),
        TO_DATE('2026-06-10', 'YYYY-MM-DD'),
        180, 'Scheduled', 'C03', 1100);
        
/*new*/
INSERT INTO FLIGHT VALUES (117,1,20,'SA126',TO_DATE('2026-06-26','YYYY-MM-DD'),TO_DATE('2026-06-26','YYYY-MM-DD'),TO_TIMESTAMP('2026-06-26 06:45:00','YYYY-MM-DD HH24:MI:SS'),160,'Scheduled','A06',1280);
INSERT INTO FLIGHT VALUES (118,2,21,'SA127',TO_DATE('2026-06-27','YYYY-MM-DD'),TO_DATE('2026-06-27','YYYY-MM-DD'),TO_TIMESTAMP('2026-06-27 07:50:00','YYYY-MM-DD HH24:MI:SS'),180,'Cancelled','B06',1510);
INSERT INTO FLIGHT VALUES (119,3,22,'SA128',TO_DATE('2026-06-28','YYYY-MM-DD'),TO_DATE('2026-06-28','YYYY-MM-DD'),TO_TIMESTAMP('2026-06-28 08:25:00','YYYY-MM-DD HH24:MI:SS'),150,'Scheduled','C06',1190);
INSERT INTO FLIGHT VALUES (120,4,23,'SA129',TO_DATE('2026-06-29','YYYY-MM-DD'),TO_DATE('2026-06-29','YYYY-MM-DD'),TO_TIMESTAMP('2026-06-29 09:40:00','YYYY-MM-DD HH24:MI:SS'),200,'Scheduled','A07',1760);
INSERT INTO FLIGHT VALUES (121,5,24,'SA130',TO_DATE('2026-06-30','YYYY-MM-DD'),TO_DATE('2026-06-30','YYYY-MM-DD'),TO_TIMESTAMP('2026-06-30 10:55:00','YYYY-MM-DD HH24:MI:SS'),170,'Cancelled','B07',1380);

INSERT INTO FLIGHT VALUES (122,1,25,'SA131',TO_DATE('2026-07-01','YYYY-MM-DD'),TO_DATE('2026-07-01','YYYY-MM-DD'),TO_TIMESTAMP('2026-07-01 12:00:00','YYYY-MM-DD HH24:MI:SS'),155,'Scheduled','C07',1240);
INSERT INTO FLIGHT VALUES (123,2,26,'SA132',TO_DATE('2026-07-02','YYYY-MM-DD'),TO_DATE('2026-07-02','YYYY-MM-DD'),TO_TIMESTAMP('2026-07-02 13:15:00','YYYY-MM-DD HH24:MI:SS'),185,'Scheduled','A08',1490);
INSERT INTO FLIGHT VALUES (124,3,27,'SA133',TO_DATE('2026-07-03','YYYY-MM-DD'),TO_DATE('2026-07-03','YYYY-MM-DD'),TO_TIMESTAMP('2026-07-03 14:30:00','YYYY-MM-DD HH24:MI:SS'),165,'Cancelled','B08',1330);
INSERT INTO FLIGHT VALUES (125,4,28,'SA134',TO_DATE('2026-07-04','YYYY-MM-DD'),TO_DATE('2026-07-04','YYYY-MM-DD'),TO_TIMESTAMP('2026-07-04 15:40:00','YYYY-MM-DD HH24:MI:SS'),195,'Scheduled','C08',1810);
INSERT INTO FLIGHT VALUES (126,5,29,'SA135',TO_DATE('2026-07-05','YYYY-MM-DD'),TO_DATE('2026-07-05','YYYY-MM-DD'),TO_TIMESTAMP('2026-07-05 16:50:00','YYYY-MM-DD HH24:MI:SS'),170,'Cancelled','A09',1410);

INSERT INTO FLIGHT VALUES (127,1,30,'SA136',TO_DATE('2026-07-06','YYYY-MM-DD'),TO_DATE('2026-07-06','YYYY-MM-DD'),TO_TIMESTAMP('2026-07-06 17:35:00','YYYY-MM-DD HH24:MI:SS'),160,'Scheduled','B09',1260);
INSERT INTO FLIGHT VALUES (128,2,31,'SA137',TO_DATE('2026-07-07','YYYY-MM-DD'),TO_DATE('2026-07-07','YYYY-MM-DD'),TO_TIMESTAMP('2026-07-07 18:20:00','YYYY-MM-DD HH24:MI:SS'),180,'Scheduled','C09',1540);
INSERT INTO FLIGHT VALUES (129,3,32,'SA138',TO_DATE('2026-07-08','YYYY-MM-DD'),TO_DATE('2026-07-08','YYYY-MM-DD'),TO_TIMESTAMP('2026-07-08 19:10:00','YYYY-MM-DD HH24:MI:SS'),150,'Cancelled','A10',1170);
INSERT INTO FLIGHT VALUES (130,4,33,'SA139',TO_DATE('2026-07-09','YYYY-MM-DD'),TO_DATE('2026-07-09','YYYY-MM-DD'),TO_TIMESTAMP('2026-07-09 20:00:00','YYYY-MM-DD HH24:MI:SS'),200,'Scheduled','B10',1790);
INSERT INTO FLIGHT VALUES (131,5,34,'SA140',TO_DATE('2026-07-10','YYYY-MM-DD'),TO_DATE('2026-07-10','YYYY-MM-DD'),TO_TIMESTAMP('2026-07-10 06:20:00','YYYY-MM-DD HH24:MI:SS'),170,'Cancelled','C10',1430);

INSERT INTO FLIGHT VALUES (132,1,35,'SA141',TO_DATE('2026-07-11','YYYY-MM-DD'),TO_DATE('2026-07-11','YYYY-MM-DD'),TO_TIMESTAMP('2026-07-11 07:30:00','YYYY-MM-DD HH24:MI:SS'),155,'Scheduled','A11',1220);
INSERT INTO FLIGHT VALUES (133,2,36,'SA142',TO_DATE('2026-07-12','YYYY-MM-DD'),TO_DATE('2026-07-12','YYYY-MM-DD'),TO_TIMESTAMP('2026-07-12 08:40:00','YYYY-MM-DD HH24:MI:SS'),185,'Scheduled','B11',1480);
INSERT INTO FLIGHT VALUES (134,3,37,'SA143',TO_DATE('2026-07-13','YYYY-MM-DD'),TO_DATE('2026-07-13','YYYY-MM-DD'),TO_TIMESTAMP('2026-07-13 09:50:00','YYYY-MM-DD HH24:MI:SS'),165,'Cancelled','C11',1350);
INSERT INTO FLIGHT VALUES (135,4,38,'SA144',TO_DATE('2026-07-14','YYYY-MM-DD'),TO_DATE('2026-07-14','YYYY-MM-DD'),TO_TIMESTAMP('2026-07-14 11:00:00','YYYY-MM-DD HH24:MI:SS'),195,'Scheduled','A12',1820);
INSERT INTO FLIGHT VALUES (136,5,39,'SA145',TO_DATE('2026-07-15','YYYY-MM-DD'),TO_DATE('2026-07-15','YYYY-MM-DD'),TO_TIMESTAMP('2026-07-15 12:10:00','YYYY-MM-DD HH24:MI:SS'),170,'Cancelled','B12',1400);

INSERT INTO FLIGHT VALUES (137,1,40,'SA146',TO_DATE('2026-07-16','YYYY-MM-DD'),TO_DATE('2026-07-16','YYYY-MM-DD'),TO_TIMESTAMP('2026-07-16 13:25:00','YYYY-MM-DD HH24:MI:SS'),160,'Scheduled','C12',1270);
INSERT INTO FLIGHT VALUES (138,2,41,'SA147',TO_DATE('2026-07-17','YYYY-MM-DD'),TO_DATE('2026-07-17','YYYY-MM-DD'),TO_TIMESTAMP('2026-07-17 14:35:00','YYYY-MM-DD HH24:MI:SS'),180,'Scheduled','A13',1530);
INSERT INTO FLIGHT VALUES (139,3,42,'SA148',TO_DATE('2026-07-18','YYYY-MM-DD'),TO_DATE('2026-07-18','YYYY-MM-DD'),TO_TIMESTAMP('2026-07-18 15:45:00','YYYY-MM-DD HH24:MI:SS'),150,'Cancelled','B13',1160);
INSERT INTO FLIGHT VALUES (140,4,43,'SA149',TO_DATE('2026-07-19','YYYY-MM-DD'),TO_DATE('2026-07-19','YYYY-MM-DD'),TO_TIMESTAMP('2026-07-19 17:00:00','YYYY-MM-DD HH24:MI:SS'),200,'Scheduled','C13',1780);
INSERT INTO FLIGHT VALUES (141,5,44,'SA150',TO_DATE('2026-07-20','YYYY-MM-DD'),TO_DATE('2026-07-20','YYYY-MM-DD'),TO_TIMESTAMP('2026-07-20 18:10:00','YYYY-MM-DD HH24:MI:SS'),170,'Cancelled','A14',1440);
INSERT INTO FLIGHT VALUES (142,5,44,'SA151',TO_DATE('2027-01-20','YYYY-MM-DD'),TO_DATE('2027-01-20','YYYY-MM-DD'),TO_TIMESTAMP('2027-01-20 18:10:00','YYYY-MM-DD HH24:MI:SS'),170,'Scheduled','A14',1440);

INSERT INTO FLIGHT VALUES (143,2,1,'SA000',TO_DATE('2027-03-27','YYYY-MM-DD'),TO_DATE('2027-03-27','YYYY-MM-DD'),TO_TIMESTAMP('2027-03-27 18:10:00','YYYY-MM-DD HH24:MI:SS'),148,'Scheduled','A14',1440);
INSERT INTO FLIGHT VALUES (144,5,1,'SA786',TO_DATE('2027-03-27','YYYY-MM-DD'),TO_DATE('2027-03-27','YYYY-MM-DD'),TO_TIMESTAMP('2027-03-27 18:10:00','YYYY-MM-DD HH24:MI:SS'),150,'Scheduled','A1',1440);
INSERT INTO FLIGHT VALUES (145,2,1,'SA786',TO_DATE('2027-03-29','YYYY-MM-DD'),TO_DATE('2027-03-29','YYYY-MM-DD'),TO_TIMESTAMP('2027-03-29 18:10:00','YYYY-MM-DD HH24:MI:SS'),150,'Scheduled','A1',1440);

-- Delete individually
DELETE FROM FLIGHT WHERE Flight_ID = 146;
DELETE FROM FLIGHT WHERE Flight_ID = 147;

-- Update Flight 375
UPDATE FLIGHT
SET Flight_status = 'Cancelled'
WHERE Flight_ID = 375;

-- Update Flight 145
UPDATE FLIGHT
SET Flight_status = 'Cancelled'
WHERE Flight_ID = 145;

SELECT * FROM FLIGHT ORDER BY ROUTE_ID;
DELETE FROM FLIGHT WHERE FLIGHT_ID = 7;
DELETE FROM FLIGHT WHERE FLIGHT_ID = 8;
DELETE FROM FLIGHT WHERE FLIGHT_ID = 98;
DELETE FROM FLIGHT WHERE FLIGHT_ID = 101;

DELETE FROM FLIGHT WHERE FLIGHT_ID=141;

/*Table: Flight_assignment*/
INSERT INTO FLIGHT_ASSIGNMENT 
VALUES (375, 1, 
        TO_TIMESTAMP('2026-06-01 05:30:00', 'YYYY-MM-DD HH24:MI:SS'),
        TO_TIMESTAMP('2026-06-01 09:30:00', 'YYYY-MM-DD HH24:MI:SS'), 'Assigned');
        
INSERT INTO FLIGHT_ASSIGNMENT 
VALUES (88, 2, 
        TO_TIMESTAMP('2026-06-01 05:30:00', 'YYYY-MM-DD HH24:MI:SS'),
        TO_TIMESTAMP('2026-06-01 09:30:00', 'YYYY-MM-DD HH24:MI:SS'), 'Assigned');
        
INSERT INTO FLIGHT_ASSIGNMENT 
VALUES (90, 4, 
        TO_TIMESTAMP('2026-06-02 07:00:00', 'YYYY-MM-DD HH24:MI:SS'),
        TO_TIMESTAMP('2026-06-02 11:00:00', 'YYYY-MM-DD HH24:MI:SS'), 'Assigned');
        
INSERT INTO FLIGHT_ASSIGNMENT 
VALUES (40, 7, 
        TO_TIMESTAMP('2026-06-02 07:00:00', 'YYYY-MM-DD HH24:MI:SS'),
        TO_TIMESTAMP('2026-06-02 11:00:00', 'YYYY-MM-DD HH24:MI:SS'), 'Assigned');
        
INSERT INTO FLIGHT_ASSIGNMENT 
VALUES (55, 5, 
        TO_TIMESTAMP('2026-06-03 08:00:00', 'YYYY-MM-DD HH24:MI:SS'),
        TO_TIMESTAMP('2026-06-03 12:00:00', 'YYYY-MM-DD HH24:MI:SS'), 'Completed');

SELECT * FROM FLIGHT_ASSIGNMENT;

SELECT table_name 
FROM user_tables 
WHERE table_name LIKE 'FLIGHT%';

SELECT column_name 
FROM user_tab_columns 
WHERE table_name = 'FLIGHT_ASSIGNMENT';

/*table: Booking detail*/
INSERT INTO BOOKING_DETAIL (Booking_ID, Passenger_ID, Flight_ID, Seat_No, Check_In_Time)
VALUES (101, 1, 375, 12, TO_TIMESTAMP('2026-06-01 05:00:00', 'YYYY-MM-DD HH24:MI:SS'));

INSERT INTO BOOKING_DETAIL (Booking_ID, Passenger_ID, Flight_ID, Seat_No, Check_In_Time)
VALUES (102, 2, 88, 14, TO_TIMESTAMP('2026-06-01 05:15:00', 'YYYY-MM-DD HH24:MI:SS'));

INSERT INTO BOOKING_DETAIL (Booking_ID, Passenger_ID, Flight_ID, Seat_No, Check_In_Time)
VALUES (103, 3, 90, 22, TO_TIMESTAMP('2026-06-02 06:30:00', 'YYYY-MM-DD HH24:MI:SS'));

INSERT INTO BOOKING_DETAIL (Booking_ID, Passenger_ID, Flight_ID, Seat_No, Check_In_Time)
VALUES (104, 4, 40, 35, TO_TIMESTAMP('2026-06-02 06:45:00', 'YYYY-MM-DD HH24:MI:SS'));

INSERT INTO BOOKING_DETAIL (Booking_ID, Passenger_ID, Flight_ID, Seat_No, Check_In_Time)
VALUES (105, 5, 55, 8, TO_TIMESTAMP('2026-06-03 07:00:00', 'YYYY-MM-DD HH24:MI:SS'));

INSERT INTO BOOKING_DETAIL (Booking_ID, Passenger_ID, Flight_ID, Seat_No, Check_In_Time)
VALUES (106, 6, 55, 9, TO_TIMESTAMP('2026-06-03 07:00:00', 'YYYY-MM-DD HH24:MI:SS'));

INSERT INTO BOOKING_DETAIL (Booking_ID, Passenger_ID, Flight_ID, Seat_No, Check_In_Time)
VALUES (107, 6, 142, 15, TO_TIMESTAMP('2026-12-31 08:00:00', 'YYYY-MM-DD HH24:MI:SS'));

SELECT * FROM BOOKING_DETAIL;
SELECT * FROM BOOKING;
SELECT * FROM FLIGHT;
SELECT * FROM PASSENGER;

DROP TABLE FLIGHT_ASSIGNMENT;

/*table:luggage*/

INSERT INTO LUGGAGE VALUES (1, 101, 1, 23.50, 2, 'Checked', 'Loaded-In');
INSERT INTO LUGGAGE VALUES (2, 102, 1, 7.00, 1, 'Carry-On', 'Checked-In');
INSERT INTO LUGGAGE VALUES (3, 103, 2, 30.75, 3, 'Oversized', 'Loaded-In');
INSERT INTO LUGGAGE VALUES (4, 104, 2, 8.00, 1, 'Carry-On', 'Checked-In');
INSERT INTO LUGGAGE VALUES (5, 105, 3, 20.00, 2, 'Checked', 'In Transit');
INSERT INTO LUGGAGE VALUES (6, 106, 4, 18.50, 2, 'Checked', 'Collected');
INSERT INTO LUGGAGE VALUES (7, 107, 142, 18.50, 2, 'Checked', 'Collected');

SELECT * FROM LUGGAGE;

/*table: addd_charge*/
INSERT INTO ADDITIONAL_CHARGE VALUES (1, 1, 'Y', 'N', 250.00);
INSERT INTO ADDITIONAL_CHARGE VALUES (2, 2, 'N', 'N', 0.00);
INSERT INTO ADDITIONAL_CHARGE VALUES (3, 3, 'Y', 'Y', 500.00);
INSERT INTO ADDITIONAL_CHARGE VALUES (4, 4, 'N', 'Y', 150.00);
INSERT INTO ADDITIONAL_CHARGE VALUES (5, 5, 'Y', 'N', 300.00);
INSERT INTO ADDITIONAL_CHARGE VALUES (6, 6, 'N', 'N', 0.00);

SELECT * FROM ADDITIONAL_CHARGE;

SELECT column_name FROM user_tab_columns WHERE table_name = 'BOOKING';
SELECT column_name FROM user_tab_columns WHERE table_name = 'BOOKING_DETAIL';
SELECT column_name FROM user_tab_columns WHERE table_name = 'PASSENGER';
SELECT column_name FROM user_tab_columns WHERE table_name = 'FLIGHT';

SELECT * FROM BOOKINGDETAILVIEW;

SELECT column_name 
FROM user_tab_columns 
WHERE table_name = 'STAFF';

SELECT * FROM FLIGHTATTENDANTDETAILVIEW;

/*PASSENGER*/
CREATE INDEX idx_passenger_lname
ON PASSENGER(PASSENGER_LNAME);

CREATE INDEX idx_passenger_idnum
ON PASSENGER(PASSANGER_ID_NUM);

CREATE INDEX idx_passenger_contact
ON PASSENGER(CONTACT_NO);

/*FLIGHT*/
CREATE INDEX idx_flight_depdate
ON FLIGHT(DEPATURE_DATE);

CREATE INDEX idx_flight_status
ON FLIGHT(FLIGHT_STATUS);

CREATE INDEX idx_flight_route
ON FLIGHT(ROUTE_ID);

/* BOOKING*/
CREATE INDEX idx_booking_ref
ON  BOOKING(BOOKING_REF);

CREATE INDEX idx_booking_status
ON  BOOKING(BOOKING_STATUS);

CREATE INDEX idx_booking_date
ON BOOKING(BOOKING_DATE);


/*BOOKING_DETAIL*/
CREATE INDEX idx_bookdet_booking
ON BOOKING_DETAIL(BOOKING_ID);

CREATE INDEX idx_bookdet_passenger
ON BOOKING_DETAIL(PASSENGER_ID);

CREATE INDEX idx_bookdet_flight
ON BOOKING(FLIGHT_ID);


/* LUGGAGE*/
CREATE INDEX idx_luggage_bookdet
ON LUGGAGE(BOOKING_DETAIL_ID);

CREATE INDEX idx_luggage_flight
ON LUGGAGE(FLIGHT_ID);

CREATE INDEX idx_luggage_type
ON LUGGAGE(LUGGAGE_TYPE);

SELECT index_name, table_name, status
FROM user_indexes
WHERE index_name LIKE 'IDX%';

/*This report shows the destination/route
with the highest number of passengers.*/
SELECT r.ROUTE_CODE,
       COUNT(bd.PASSENGER_ID) AS TOTAL_PASSENGERS
FROM ROUTE r
JOIN FLIGHT f
ON r.ROUTE_ID = f.ROUTE_ID
JOIN BOOKING_DETAIL bd
ON f.FLIGHT_ID = bd.FLIGHT_ID
GROUP BY r.ROUTE_CODE
ORDER BY TOTAL_PASSENGERS DESC;

/*this report shows the the most route that a aircrafts use*/
SELECT r.ROUTE_CODE,
       a.MODEL_ID,
       COUNT(f.FLIGHT_ID) AS TOTAL_FLIGHTS,
       COUNT(bd.PASSENGER_ID) AS TOTAL_PASSENGERS
FROM ROUTE r
JOIN FLIGHT f
ON r.ROUTE_ID = f.ROUTE_ID
JOIN AIRCRAFT a
ON f.AIRCRAFT_ID = a.AIRCRAFT_ID
JOIN BOOKING_DETAIL bd
ON f.FLIGHT_ID = bd.FLIGHT_ID
GROUP BY r.ROUTE_CODE,
         a.MODEL_ID
ORDER BY TOTAL_PASSENGERS DESC;

SELECT * FROM LUGGAGE;

/*Average luggage weight*/
SELECT a.AIRCRAFT_ID,
       m.MODEL_NAME,
       AVG(l.Weight) AS Average_Luggage_Weight
FROM LUGGAGE l
JOIN FLIGHT f
ON l.FLIGHT_ID = f.FLIGHT_ID
JOIN AIRCRAFT a
ON f.AIRCRAFT_ID = a.AIRCRAFT_ID
JOIN MODEL m
ON a.MODEL_ID = m.MODEL_ID
GROUP BY a.AIRCRAFT_ID, m.MODEL_NAME;

/*most popular destination report*/
CREATE OR REPLACE VIEW vw_POPULAR_destinations AS
SELECT INITCAP(a.AIRPORT_NAME) AS DESTINATION,
       COUNT(b.BOOKING_ID) AS TOTAL_bookings,
       RANK() OVER (ORDER BY COUNT(b.BOOKING_ID) DESC) AS POPUALRITY_RANK
FROM BOOKING b
JOIN BOOKING_DETAIL bd ON b.BOOKING_ID = bd.BOOKING_ID
JOIN FLIGHT f          ON bd.Flight_ID = f.Flight_ID
JOIN ROUTE r           ON f.ROUTE_ID   = r.ROUTE_ID
JOIN AIRPORT a         ON r.ARRIVAL_AIRPORT_ID = a.Airport_ID
GROUP BY a.AIRPORT_NAME, INITCAP(a.AIRPORT_NAME);

SELECT * FROM vw_POPULAR_destinations;

SELECT *
FROM ROUTE
WHERE ROUTE_CODE LIKE 'JNB%'
   OR ROUTE_CODE LIKE 'CPT%'
   OR ROUTE_CODE LIKE 'DUR%'
   OR ROUTE_CODE LIKE 'BFN%'
   OR ROUTE_CODE LIKE 'PLZ%'
   OR ROUTE_CODE LIKE 'UTN%'
   OR ROUTE_CODE LIKE 'ELS%'
   OR ROUTE_CODE LIKE 'GRJ%'
   OR ROUTE_CODE LIKE 'KIM%'
   OR ROUTE_CODE LIKE 'HLA%'
   OR ROUTE_CODE LIKE 'MQP%'
   OR ROUTE_CODE LIKE 'PTG%'
   OR ROUTE_CODE LIKE 'UTT%';
   
SELECT * FROM FLIGHT
WHERE FLIGHT_STATUS = 'Cancelled'
OR    BASE_PRICE > 1500;

/*View flights on the JNB route that were cancelled*/
SELECT * 
FROM FLIGHT f
JOIN ROUTE r
     ON f.ROUTE_ID = r.ROUTE_ID
WHERE ROUTE_CODE LIKE 'JNB%'
AND  FLIGHT_STATUS = 'Cancelled'
AND  AVAILABLE_SEATS > 100;

/*display number of booking per day*/
SELECT TRUNC(BOOKING_DATE, 'DD') AS booking_day,
       COUNT(*) AS daily_bookings
FROM BOOKING
GROUP BY TRUNC(BOOKING_DATE, 'DD');

/*round off weight to 2 decimals*/
SELECT WEIGHT,
       TRUNC(WEIGHT, 1) AS truncated_weight
FROM LUGGAGE;


CREATE OR REPLACE VIEW VW_PASSENGER_LUGGAGE_REPORT AS
SELECT p.PASSENGER_FNAME,
       p.PASSENGER_LNAME,
       l.WEIGHT
FROM PASSENGER p
JOIN BOOKING_DETAIL bd
    ON p.PASSENGER_ID = bd.PASSENGER_ID
JOIN LUGGAGE l
    ON bd.BOOKING_ID = l.BOOKING_DETAIL_ID;
    
SELECT *
FROM VW_PASSENGER_LUGGAGE_REPORT
ORDER BY WEIGHT DESC;

SELECT *
FROM VW_STAFF_EXPERIENCE_REPORT
ORDER BY YEARS_OF_EXPERIENCE DESC;

/*SHOWS THE NEWEST BOOKING FIRST*/
SELECT *
FROM VW_LATEST_BOOKINGS
ORDER BY BOOKING_DATE DESC;

SELECT *
FROM VW_PASSENGER_ASSISTANCE
ORDER BY IS_WHEEL_CHAIR DESC;

SELECT *
FROM VW_FLIGHT_AVAILABILITY
ORDER BY AVAILABLE_SEATS DESC;

/*MONTHLY BOOKING REPORT*/
CREATE OR REPLACE VIEW V_MONTHLY_BOOKING_STATS AS
SELECT TO_CHAR(BOOKING_DATE, 'YYYY-MM') AS BOOKING_MONTH,
       COUNT(BOOKING_ID) AS TOTAL_BOOKINGS,
       SUM(CASE WHEN BOOKING_STATUS = 'CONFIRMED' THEN 1 ELSE 0 END) AS CONFIRMED_BOOKINGS,
       SUM(CASE WHEN BOOKING_STATUS = 'CANCELLED' THEN 1 ELSE 0 END) AS CANCELLED_BOOKINGS
FROM BOOKING
GROUP BY TO_CHAR(BOOKING_DATE, 'YYYY-MM');

-- VIEW OUTPUT
SELECT *
FROM V_MONTHLY_BOOKING_STATS;

-- HAVING: MONTHS ABOVE AVERAGE BOOKINGS
SELECT BOOKING_MONTH,
       TOTAL_BOOKINGS
FROM V_MONTHLY_BOOKING_STATS
WHERE TOTAL_BOOKINGS >
(
    SELECT AVG(TOTAL_BOOKINGS)
    FROM V_MONTHLY_BOOKING_STATS
);

-- BUSIEST MONTH ONLY (SUBQUERY)
SELECT *
FROM V_MONTHLY_BOOKING_STATS
WHERE TOTAL_BOOKINGS =
(
    SELECT MAX(TOTAL_BOOKINGS)
    FROM V_MONTHLY_BOOKING_STATS
);

/*REPORT: MOST USED ROUTE PER AIRCRAFT*/
CREATE OR REPLACE VIEW V_AIRCRAFT_ROUTE_USAGE AS
SELECT
    A.AIRCRAFT_ID,
    M.MODEL_ID,
    R.ROUTE_ID,
    R.ROUTE_CODE,
    (SELECT COUNT(F2.FLIGHT_ID)
     FROM FLIGHT F2
     WHERE F2.AIRCRAFT_ID = A.AIRCRAFT_ID
     AND   F2.ROUTE_ID    = R.ROUTE_ID) AS TIMES_FLOWN,
    (SELECT COUNT(BD.PASSENGER_ID)
     FROM BOOKING_DETAIL BD
     JOIN FLIGHT F3 ON BD.FLIGHT_ID = F3.FLIGHT_ID
     WHERE F3.AIRCRAFT_ID = A.AIRCRAFT_ID
     AND   F3.ROUTE_ID    = R.ROUTE_ID) AS TOTAL_PASSENGERS,
    (SELECT AP.AIRPORT_NAME
     FROM AIRPORT AP
     WHERE AP.AIRPORT_ID = R.DEPARTURE_AIRPORT_ID) AS DEPARTURE_AIRPORT,
    (SELECT AP.AIRPORT_NAME
     FROM AIRPORT AP
     WHERE AP.AIRPORT_ID = R.ARRIVAL_AIRPORT_ID) AS ARRIVAL_AIRPORT
FROM AIRCRAFT A
JOIN MODEL  M ON A.MODEL_ID  = M.MODEL_ID
JOIN ROUTE  R ON R.ROUTE_ID  IN (
    SELECT DISTINCT F5.ROUTE_ID
    FROM FLIGHT F5
    WHERE F5.AIRCRAFT_ID = A.AIRCRAFT_ID
)
ORDER BY A.AIRCRAFT_ID, TIMES_FLOWN DESC;


SELECT * FROM V_AIRCRAFT_ROUTE_USAGE;

/*MOST BUSY FLIGHTS (SUBQUERY)*/
SELECT *
FROM V_AIRCRAFT_ROUTE_REPORT
WHERE TOTAL_PASSENGERS = (
    SELECT MAX(TOTAL_PASSENGERS)
    FROM V_AIRCRAFT_ROUTE_REPORT
);

/*HEAVIEST LUGGAGE FLIGHTS (HAVING)*/
SELECT 
    ROUTE_ID,
    SUM(TOTAL_LUGGAGE_WEIGHT) AS TOTAL_LOAD
FROM V_AIRCRAFT_ROUTE_REPORT
GROUP BY ROUTE_ID
HAVING SUM(TOTAL_LUGGAGE_WEIGHT) > 26;


/*trigger for frequecy*/
CREATE OR REPLACE TRIGGER trg_update_route_frequency
AFTER INSERT ON FLIGHT
FOR EACH ROW
BEGIN
    UPDATE ROUTE
    SET FREQUENCY = FREQUENCY + 1
    WHERE ROUTE_ID = :NEW.ROUTE_ID;
END;

SELECT * FROM FLIGHT;

DROP TRIGGER trg_update_route_frequency;

SELECT * FROM LUGGAGE
WHERE FLIGHT_ID NOT IN (SELECT FLIGHT_ID FROM FLIGHT);

SELECT FLIGHT_ID FROM FLIGHT;

CREATE TABLE FLIGHT_ASSIGNMENT
(
    FLIGHT_ID           NUMBER(4)       NOT NULL,
    STAFF_ID            NUMBER(4)       NOT NULL,
    DUTY_START_TIME     TIMESTAMP(2)    NOT NULL,
    DUTY_END_TIME       TIMESTAMP(2)    NOT NULL,
    ASSIGNMENT_STATUS   VARCHAR2(30)    NOT NULL,

    CONSTRAINT PK_FLIGHT_ASSIGNMENT PRIMARY KEY (FLIGHT_ID, STAFF_ID),
    CONSTRAINT FK_FLIGHTASSIGN_FLIGHT FOREIGN KEY (FLIGHT_ID) REFERENCES FLIGHT(FLIGHT_ID),
    CONSTRAINT FK_FLIGHTASSIGN_STAFF  FOREIGN KEY (STAFF_ID)  REFERENCES STAFF(STAFF_ID)
);

DROP TABLE FLIGHT_ASSIGNMENT;

CREATE TABLE FLIGHT_ASSIGNMENT
(
    FLIGHT_ID           NUMBER(4)       NOT NULL,
    STAFF_ID            NUMBER(4)       NOT NULL,
    DUTY_START_TIME     TIMESTAMP(2)    NOT NULL,
    DUTY_END_TIME       TIMESTAMP(2)    NOT NULL,
    ASSIGNMENT_STATUS   VARCHAR2(30)    NOT NULL,

    CONSTRAINT PK_FLIGHT_ASSIGNMENT PRIMARY KEY (FLIGHT_ID, STAFF_ID),
    CONSTRAINT FK_FLIGHTASSIGN_FLIGHT FOREIGN KEY (FLIGHT_ID) 
        REFERENCES FLIGHT(FLIGHT_ID),
    CONSTRAINT FK_FLIGHTASSIGN_CREW FOREIGN KEY (STAFF_ID) 
        REFERENCES FLIGHT_CREW(STAFF_ID)
)

-- Flight 40
INSERT INTO FLIGHT_ASSIGNMENT (FLIGHT_ID, STAFF_ID, DUTY_START_TIME, DUTY_END_TIME, ASSIGNMENT_STATUS)
VALUES (40, 1, TO_TIMESTAMP('2026-06-04 06:00:00', 'YYYY-MM-DD HH24:MI:SS'),
             TO_TIMESTAMP('2026-06-04 10:00:00', 'YYYY-MM-DD HH24:MI:SS'), 'Completed');

INSERT INTO FLIGHT_ASSIGNMENT (FLIGHT_ID, STAFF_ID, DUTY_START_TIME, DUTY_END_TIME, ASSIGNMENT_STATUS)
VALUES (40, 2, TO_TIMESTAMP('2026-06-04 06:00:00', 'YYYY-MM-DD HH24:MI:SS'),
             TO_TIMESTAMP('2026-06-04 10:00:00', 'YYYY-MM-DD HH24:MI:SS'), 'Completed');

-- Flight 55
INSERT INTO FLIGHT_ASSIGNMENT (FLIGHT_ID, STAFF_ID, DUTY_START_TIME, DUTY_END_TIME, ASSIGNMENT_STATUS)
VALUES (55, 4, TO_TIMESTAMP('2026-06-05 06:00:00', 'YYYY-MM-DD HH24:MI:SS'),
             TO_TIMESTAMP('2026-06-05 10:00:00', 'YYYY-MM-DD HH24:MI:SS'), 'Completed');

INSERT INTO FLIGHT_ASSIGNMENT (FLIGHT_ID, STAFF_ID, DUTY_START_TIME, DUTY_END_TIME, ASSIGNMENT_STATUS)
VALUES (55, 7, TO_TIMESTAMP('2026-06-05 06:00:00', 'YYYY-MM-DD HH24:MI:SS'),
             TO_TIMESTAMP('2026-06-05 10:00:00', 'YYYY-MM-DD HH24:MI:SS'), 'Completed');

-- Flight 117
INSERT INTO FLIGHT_ASSIGNMENT (FLIGHT_ID, STAFF_ID, DUTY_START_TIME, DUTY_END_TIME, ASSIGNMENT_STATUS)
VALUES (117, 5, TO_TIMESTAMP('2026-06-26 04:45:00', 'YYYY-MM-DD HH24:MI:SS'),
              TO_TIMESTAMP('2026-06-26 08:45:00', 'YYYY-MM-DD HH24:MI:SS'), 'Completed');

INSERT INTO FLIGHT_ASSIGNMENT (FLIGHT_ID, STAFF_ID, DUTY_START_TIME, DUTY_END_TIME, ASSIGNMENT_STATUS)
VALUES (117, 13, TO_TIMESTAMP('2026-06-26 04:45:00', 'YYYY-MM-DD HH24:MI:SS'),
               TO_TIMESTAMP('2026-06-26 08:45:00', 'YYYY-MM-DD HH24:MI:SS'), 'Completed');

-- Flight 118
INSERT INTO FLIGHT_ASSIGNMENT (FLIGHT_ID, STAFF_ID, DUTY_START_TIME, DUTY_END_TIME, ASSIGNMENT_STATUS)
VALUES (118, 12, TO_TIMESTAMP('2026-06-27 05:50:00', 'YYYY-MM-DD HH24:MI:SS'),
               TO_TIMESTAMP('2026-06-27 09:50:00', 'YYYY-MM-DD HH24:MI:SS'), 'Cancelled');

INSERT INTO FLIGHT_ASSIGNMENT (FLIGHT_ID, STAFF_ID, DUTY_START_TIME, DUTY_END_TIME, ASSIGNMENT_STATUS)
VALUES (118, 14, TO_TIMESTAMP('2026-06-27 05:50:00', 'YYYY-MM-DD HH24:MI:SS'),
               TO_TIMESTAMP('2026-06-27 09:50:00', 'YYYY-MM-DD HH24:MI:SS'), 'Cancelled');

-- Flight 119
INSERT INTO FLIGHT_ASSIGNMENT (FLIGHT_ID, STAFF_ID, DUTY_START_TIME, DUTY_END_TIME, ASSIGNMENT_STATUS)
VALUES (119, 1, TO_TIMESTAMP('2026-06-28 06:25:00', 'YYYY-MM-DD HH24:MI:SS'),
              TO_TIMESTAMP('2026-06-28 10:25:00', 'YYYY-MM-DD HH24:MI:SS'), 'Completed');

INSERT INTO FLIGHT_ASSIGNMENT (FLIGHT_ID, STAFF_ID, DUTY_START_TIME, DUTY_END_TIME, ASSIGNMENT_STATUS)
VALUES (119, 15, TO_TIMESTAMP('2026-06-28 06:25:00', 'YYYY-MM-DD HH24:MI:SS'),
               TO_TIMESTAMP('2026-06-28 10:25:00', 'YYYY-MM-DD HH24:MI:SS'), 'Completed');

-- Flight 120
INSERT INTO FLIGHT_ASSIGNMENT (FLIGHT_ID, STAFF_ID, DUTY_START_TIME, DUTY_END_TIME, ASSIGNMENT_STATUS)
VALUES (120, 4, TO_TIMESTAMP('2026-06-29 07:40:00', 'YYYY-MM-DD HH24:MI:SS'),
              TO_TIMESTAMP('2026-06-29 11:40:00', 'YYYY-MM-DD HH24:MI:SS'), 'Assigned');

INSERT INTO FLIGHT_ASSIGNMENT (FLIGHT_ID, STAFF_ID, DUTY_START_TIME, DUTY_END_TIME, ASSIGNMENT_STATUS)
VALUES (120, 2, TO_TIMESTAMP('2026-06-29 07:40:00', 'YYYY-MM-DD HH24:MI:SS'),
              TO_TIMESTAMP('2026-06-29 11:40:00', 'YYYY-MM-DD HH24:MI:SS'), 'Assigned');

-- Flight 121
INSERT INTO FLIGHT_ASSIGNMENT (FLIGHT_ID, STAFF_ID, DUTY_START_TIME, DUTY_END_TIME, ASSIGNMENT_STATUS)
VALUES (121, 5, TO_TIMESTAMP('2026-06-30 08:55:00', 'YYYY-MM-DD HH24:MI:SS'),
              TO_TIMESTAMP('2026-06-30 12:55:00', 'YYYY-MM-DD HH24:MI:SS'), 'Cancelled');

INSERT INTO FLIGHT_ASSIGNMENT (FLIGHT_ID, STAFF_ID, DUTY_START_TIME, DUTY_END_TIME, ASSIGNMENT_STATUS)
VALUES (121, 7, TO_TIMESTAMP('2026-06-30 08:55:00', 'YYYY-MM-DD HH24:MI:SS'),
              TO_TIMESTAMP('2026-06-30 12:55:00', 'YYYY-MM-DD HH24:MI:SS'), 'Cancelled');

-- Flight 122
INSERT INTO FLIGHT_ASSIGNMENT (FLIGHT_ID, STAFF_ID, DUTY_START_TIME, DUTY_END_TIME, ASSIGNMENT_STATUS)
VALUES (122, 11, TO_TIMESTAMP('2026-07-01 10:00:00', 'YYYY-MM-DD HH24:MI:SS'),
               TO_TIMESTAMP('2026-07-01 14:00:00', 'YYYY-MM-DD HH24:MI:SS'), 'Assigned');

INSERT INTO FLIGHT_ASSIGNMENT (FLIGHT_ID, STAFF_ID, DUTY_START_TIME, DUTY_END_TIME, ASSIGNMENT_STATUS)
VALUES (122, 13, TO_TIMESTAMP('2026-07-01 10:00:00', 'YYYY-MM-DD HH24:MI:SS'),
               TO_TIMESTAMP('2026-07-01 14:00:00', 'YYYY-MM-DD HH24:MI:SS'), 'Assigned');

-- Flight 123
INSERT INTO FLIGHT_ASSIGNMENT (FLIGHT_ID, STAFF_ID, DUTY_START_TIME, DUTY_END_TIME, ASSIGNMENT_STATUS)
VALUES (123, 12, TO_TIMESTAMP('2026-07-02 11:15:00', 'YYYY-MM-DD HH24:MI:SS'),
               TO_TIMESTAMP('2026-07-02 15:15:00', 'YYYY-MM-DD HH24:MI:SS'), 'Assigned');

INSERT INTO FLIGHT_ASSIGNMENT (FLIGHT_ID, STAFF_ID, DUTY_START_TIME, DUTY_END_TIME, ASSIGNMENT_STATUS)
VALUES (123, 14, TO_TIMESTAMP('2026-07-02 11:15:00', 'YYYY-MM-DD HH24:MI:SS'),
               TO_TIMESTAMP('2026-07-02 15:15:00', 'YYYY-MM-DD HH24:MI:SS'), 'Assigned');

-- Flight 124
INSERT INTO FLIGHT_ASSIGNMENT (FLIGHT_ID, STAFF_ID, DUTY_START_TIME, DUTY_END_TIME, ASSIGNMENT_STATUS)
VALUES (124, 1, TO_TIMESTAMP('2026-07-03 13:40:00', 'YYYY-MM-DD HH24:MI:SS'),
              TO_TIMESTAMP('2026-07-03 17:40:00', 'YYYY-MM-DD HH24:MI:SS'), 'Cancelled');

INSERT INTO FLIGHT_ASSIGNMENT (FLIGHT_ID, STAFF_ID, DUTY_START_TIME, DUTY_END_TIME, ASSIGNMENT_STATUS)
VALUES (124, 15, TO_TIMESTAMP('2026-07-03 13:40:00', 'YYYY-MM-DD HH24:MI:SS'),
               TO_TIMESTAMP('2026-07-03 17:40:00', 'YYYY-MM-DD HH24:MI:SS'), 'Cancelled');

-- Flight 125
INSERT INTO FLIGHT_ASSIGNMENT (FLIGHT_ID, STAFF_ID, DUTY_START_TIME, DUTY_END_TIME, ASSIGNMENT_STATUS)
VALUES (125, 4, TO_TIMESTAMP('2026-07-04 13:40:00', 'YYYY-MM-DD HH24:MI:SS'),
              TO_TIMESTAMP('2026-07-04 17:40:00', 'YYYY-MM-DD HH24:MI:SS'), 'Assigned');

INSERT INTO FLIGHT_ASSIGNMENT (FLIGHT_ID, STAFF_ID, DUTY_START_TIME, DUTY_END_TIME, ASSIGNMENT_STATUS)
VALUES (125, 2, TO_TIMESTAMP('2026-07-04 13:40:00', 'YYYY-MM-DD HH24:MI:SS'),
              TO_TIMESTAMP('2026-07-04 17:40:00', 'YYYY-MM-DD HH24:MI:SS'), 'Assigned');
              
SELECT * FROM FLIGHT_ASSIGNMENT;
SELECT * FROM flight_crew;


SELECT table_name FROM user_tables;

SELECT FLIGHT_ID,
       STAFF_ID,
       TO_CHAR(DUTY_START_TIME, 'DD/MON/YY HH24:MI') AS START_TIME,
       ASSIGNMENT_STATUS
FROM FLIGHT_ASSIGNMENT
WHERE ROWNUM <= 5
ORDER BY DUTY_START_TIME;
